{
  "index": "/index.html",
  "dataGroups": [
    {
      "name": "spanish",
      "urls": [
        "/es"
      ],
      "cacheConfig": {
        "maxSize": 0,
        "maxAge": "0u",
        "strategy": "freshness"
      }
    }
  ],
  "assetGroups": [
    {
      "name": "app",
      "installMode": "prefetch",
      "resources": {
        "files": [
          "/favicon.ico",
          "/index.html",
          "/es/index.html",
          "/*.css",
          "/*.js",
          "/manifest.webmanifest"
        ]
      }
    },
    {
      "name": "assets",
      "installMode": "lazy",
      "updateMode": "prefetch",
      "resources": {
        "files": [
          "/assets/**",
          "/*.(eot|svg|cur|jpg|png|webp|gif|otf|ttf|woff|woff2|ani)"
        ]
      }
    }
  ]
}
